Date,Province,Community Wealth,Package,Price (ZAR),New Customers,Revenue (ZAR)
2025-01-31,Gauteng,Low,10/10 Mbps,120,30,3600
2025-01-31,Gauteng,Low,50/50 Mbps,400,191,76400
2025-01-31,Gauteng,Low,100/100 Mbps,800,114,91200
2025-01-31,Gauteng,Low,200/200 Mbps,1200,55,66000
2025-01-31,Gauteng,Low,500/500 Mbps,2000,76,152000
2025-01-31,Gauteng,Low,1000/1000 Mbps,3500,90,315000
2025-01-31,Gauteng,Medium,10/10 Mbps,120,109,13080
2025-01-31,Gauteng,Medium,50/50 Mbps,400,69,27600
2025-01-31,Gauteng,Medium,100/100 Mbps,800,85,68000
2025-01-31,Gauteng,Medium,200/200 Mbps,1200,43,51600
2025-01-31,Gauteng,Medium,500/500 Mbps,2000,67,134000
2025-01-31,Gauteng,Medium,1000/1000 Mbps,3500,126,441000
2025-01-31,Gauteng,High,10/10 Mbps,120,174,20880
2025-01-31,Gauteng,High,50/50 Mbps,400,244,97600
2025-01-31,Gauteng,High,100/100 Mbps,800,108,86400
2025-01-31,Gauteng,High,200/200 Mbps,1200,213,255600
2025-01-31,Gauteng,High,500/500 Mbps,2000,178,356000
2025-01-31,Gauteng,High,1000/1000 Mbps,3500,275,962500
2025-01-31,Western Cape,Low,10/10 Mbps,120,135,16200
2025-01-31,Western Cape,Low,50/50 Mbps,400,154,61600
2025-01-31,Western Cape,Low,100/100 Mbps,800,41,32800
2025-01-31,Western Cape,Low,200/200 Mbps,1200,64,76800
2025-01-31,Western Cape,Low,500/500 Mbps,2000,62,124000
2025-01-31,Western Cape,Low,1000/1000 Mbps,3500,64,224000
2025-01-31,Western Cape,Medium,10/10 Mbps,120,77,9240
2025-01-31,Western Cape,Medium,50/50 Mbps,400,85,34000
2025-01-31,Western Cape,Medium,100/100 Mbps,800,43,34400
2025-01-31,Western Cape,Medium,200/200 Mbps,1200,35,42000
2025-01-31,Western Cape,Medium,500/500 Mbps,2000,219,438000
2025-01-31,Western Cape,Medium,1000/1000 Mbps,3500,148,518000
2025-01-31,Western Cape,High,10/10 Mbps,120,213,25560
2025-01-31,Western Cape,High,50/50 Mbps,400,264,105600
2025-01-31,Western Cape,High,100/100 Mbps,800,68,54400
2025-01-31,Western Cape,High,200/200 Mbps,1200,129,154800
2025-01-31,Western Cape,High,500/500 Mbps,2000,102,204000
2025-01-31,Western Cape,High,1000/1000 Mbps,3500,46,161000
2025-01-31,KwaZulu-Natal,Low,10/10 Mbps,120,193,23160
2025-01-31,KwaZulu-Natal,Low,50/50 Mbps,400,103,41200
2025-01-31,KwaZulu-Natal,Low,100/100 Mbps,800,52,41600
2025-01-31,KwaZulu-Natal,Low,200/200 Mbps,1200,101,121200
2025-01-31,KwaZulu-Natal,Low,500/500 Mbps,2000,117,234000
2025-01-31,KwaZulu-Natal,Low,1000/1000 Mbps,3500,21,73500
2025-01-31,KwaZulu-Natal,Medium,10/10 Mbps,120,228,27360
2025-01-31,KwaZulu-Natal,Medium,50/50 Mbps,400,25,10000
2025-01-31,KwaZulu-Natal,Medium,100/100 Mbps,800,59,47200
2025-01-31,KwaZulu-Natal,Medium,200/200 Mbps,1200,76,91200
2025-01-31,KwaZulu-Natal,Medium,500/500 Mbps,2000,178,356000
2025-01-31,KwaZulu-Natal,Medium,1000/1000 Mbps,3500,62,217000
2025-01-31,KwaZulu-Natal,High,10/10 Mbps,120,228,27360
2025-01-31,KwaZulu-Natal,High,50/50 Mbps,400,162,64800
2025-01-31,KwaZulu-Natal,High,100/100 Mbps,800,116,92800
2025-01-31,KwaZulu-Natal,High,200/200 Mbps,1200,268,321600
2025-01-31,KwaZulu-Natal,High,500/500 Mbps,2000,274,548000
2025-01-31,KwaZulu-Natal,High,1000/1000 Mbps,3500,68,238000
2025-01-31,Eastern Cape,Low,10/10 Mbps,120,179,21480
2025-01-31,Eastern Cape,Low,50/50 Mbps,400,65,26000
2025-01-31,Eastern Cape,Low,100/100 Mbps,800,56,44800
2025-01-31,Eastern Cape,Low,200/200 Mbps,1200,138,165600
2025-01-31,Eastern Cape,Low,500/500 Mbps,2000,154,308000
2025-01-31,Eastern Cape,Low,1000/1000 Mbps,3500,169,591500
2025-01-31,Eastern Cape,Medium,10/10 Mbps,120,197,23640
2025-01-31,Eastern Cape,Medium,50/50 Mbps,400,154,61600
2025-01-31,Eastern Cape,Medium,100/100 Mbps,800,110,88000
2025-01-31,Eastern Cape,Medium,200/200 Mbps,1200,29,34800
2025-01-31,Eastern Cape,Medium,500/500 Mbps,2000,29,58000
2025-01-31,Eastern Cape,Medium,1000/1000 Mbps,3500,208,728000
2025-01-31,Eastern Cape,High,10/10 Mbps,120,260,31200
2025-01-31,Eastern Cape,High,50/50 Mbps,400,242,96800
2025-01-31,Eastern Cape,High,100/100 Mbps,800,45,36000
2025-01-31,Eastern Cape,High,200/200 Mbps,1200,127,152400
2025-01-31,Eastern Cape,High,500/500 Mbps,2000,243,486000
2025-01-31,Eastern Cape,High,1000/1000 Mbps,3500,278,973000
2025-02-28,Gauteng,Low,10/10 Mbps,120,169,20280
2025-02-28,Gauteng,Low,50/50 Mbps,400,85,34000
2025-02-28,Gauteng,Low,100/100 Mbps,800,166,132800
2025-02-28,Gauteng,Low,200/200 Mbps,1200,28,33600
2025-02-28,Gauteng,Low,500/500 Mbps,2000,20,40000
2025-02-28,Gauteng,Low,1000/1000 Mbps,3500,67,234500
2025-02-28,Gauteng,Medium,10/10 Mbps,120,160,19200
2025-02-28,Gauteng,Medium,50/50 Mbps,400,47,18800
2025-02-28,Gauteng,Medium,100/100 Mbps,800,151,120800
2025-02-28,Gauteng,Medium,200/200 Mbps,1200,212,254400
2025-02-28,Gauteng,Medium,500/500 Mbps,2000,145,290000
2025-02-28,Gauteng,Medium,1000/1000 Mbps,3500,231,808500
2025-02-28,Gauteng,High,10/10 Mbps,120,31,3720
2025-02-28,Gauteng,High,50/50 Mbps,400,90,36000
2025-02-28,Gauteng,High,100/100 Mbps,800,176,140800
2025-02-28,Gauteng,High,200/200 Mbps,1200,105,126000
2025-02-28,Gauteng,High,500/500 Mbps,2000,90,180000
2025-02-28,Gauteng,High,1000/1000 Mbps,3500,69,241500
2025-02-28,Western Cape,Low,10/10 Mbps,120,170,20400
2025-02-28,Western Cape,Low,50/50 Mbps,400,134,53600
2025-02-28,Western Cape,Low,100/100 Mbps,800,50,40000
2025-02-28,Western Cape,Low,200/200 Mbps,1200,183,219600
2025-02-28,Western Cape,Low,500/500 Mbps,2000,105,210000
2025-02-28,Western Cape,Low,1000/1000 Mbps,3500,65,227500
2025-02-28,Western Cape,Medium,10/10 Mbps,120,232,27840
2025-02-28,Western Cape,Medium,50/50 Mbps,400,105,42000
2025-02-28,Western Cape,Medium,100/100 Mbps,800,103,82400
2025-02-28,Western Cape,Medium,200/200 Mbps,1200,190,228000
2025-02-28,Western Cape,Medium,500/500 Mbps,2000,42,84000
2025-02-28,Western Cape,Medium,1000/1000 Mbps,3500,52,182000
2025-02-28,Western Cape,High,10/10 Mbps,120,203,24360
2025-02-28,Western Cape,High,50/50 Mbps,400,124,49600
2025-02-28,Western Cape,High,100/100 Mbps,800,164,131200
2025-02-28,Western Cape,High,200/200 Mbps,1200,209,250800
2025-02-28,Western Cape,High,500/500 Mbps,2000,276,552000
2025-02-28,Western Cape,High,1000/1000 Mbps,3500,228,798000
2025-02-28,KwaZulu-Natal,Low,10/10 Mbps,120,44,5280
2025-02-28,KwaZulu-Natal,Low,50/50 Mbps,400,50,20000
2025-02-28,KwaZulu-Natal,Low,100/100 Mbps,800,166,132800
2025-02-28,KwaZulu-Natal,Low,200/200 Mbps,1200,194,232800
2025-02-28,KwaZulu-Natal,Low,500/500 Mbps,2000,196,392000
2025-02-28,KwaZulu-Natal,Low,1000/1000 Mbps,3500,161,563500
2025-02-28,KwaZulu-Natal,Medium,10/10 Mbps,120,67,8040
2025-02-28,KwaZulu-Natal,Medium,50/50 Mbps,400,174,69600
2025-02-28,KwaZulu-Natal,Medium,100/100 Mbps,800,37,29600
2025-02-28,KwaZulu-Natal,Medium,200/200 Mbps,1200,137,164400
2025-02-28,KwaZulu-Natal,Medium,500/500 Mbps,2000,130,260000
2025-02-28,KwaZulu-Natal,Medium,1000/1000 Mbps,3500,86,301000
2025-02-28,KwaZulu-Natal,High,10/10 Mbps,120,271,32520
2025-02-28,KwaZulu-Natal,High,50/50 Mbps,400,221,88400
2025-02-28,KwaZulu-Natal,High,100/100 Mbps,800,272,217600
2025-02-28,KwaZulu-Natal,High,200/200 Mbps,1200,187,224400
2025-02-28,KwaZulu-Natal,High,500/500 Mbps,2000,47,94000
2025-02-28,KwaZulu-Natal,High,1000/1000 Mbps,3500,228,798000
2025-02-28,Eastern Cape,Low,10/10 Mbps,120,103,12360
2025-02-28,Eastern Cape,Low,50/50 Mbps,400,71,28400
2025-02-28,Eastern Cape,Low,100/100 Mbps,800,71,56800
2025-02-28,Eastern Cape,Low,200/200 Mbps,1200,93,111600
2025-02-28,Eastern Cape,Low,500/500 Mbps,2000,71,142000
2025-02-28,Eastern Cape,Low,1000/1000 Mbps,3500,108,378000
2025-02-28,Eastern Cape,Medium,10/10 Mbps,120,145,17400
2025-02-28,Eastern Cape,Medium,50/50 Mbps,400,235,94000
2025-02-28,Eastern Cape,Medium,100/100 Mbps,800,88,70400
2025-02-28,Eastern Cape,Medium,200/200 Mbps,1200,82,98400
2025-02-28,Eastern Cape,Medium,500/500 Mbps,2000,89,178000
2025-02-28,Eastern Cape,Medium,1000/1000 Mbps,3500,39,136500
2025-02-28,Eastern Cape,High,10/10 Mbps,120,160,19200
2025-02-28,Eastern Cape,High,50/50 Mbps,400,197,78800
2025-02-28,Eastern Cape,High,100/100 Mbps,800,214,171200
2025-02-28,Eastern Cape,High,200/200 Mbps,1200,181,217200
2025-02-28,Eastern Cape,High,500/500 Mbps,2000,276,552000
2025-02-28,Eastern Cape,High,1000/1000 Mbps,3500,252,882000
2025-03-31,Gauteng,Low,10/10 Mbps,120,92,11040
2025-03-31,Gauteng,Low,50/50 Mbps,400,110,44000
2025-03-31,Gauteng,Low,100/100 Mbps,800,63,50400
2025-03-31,Gauteng,Low,200/200 Mbps,1200,148,177600
2025-03-31,Gauteng,Low,500/500 Mbps,2000,24,48000
2025-03-31,Gauteng,Low,1000/1000 Mbps,3500,191,668500
2025-03-31,Gauteng,Medium,10/10 Mbps,120,195,23400
2025-03-31,Gauteng,Medium,50/50 Mbps,400,76,30400
2025-03-31,Gauteng,Medium,100/100 Mbps,800,54,43200
2025-03-31,Gauteng,Medium,200/200 Mbps,1200,215,258000
2025-03-31,Gauteng,Medium,500/500 Mbps,2000,230,460000
2025-03-31,Gauteng,Medium,1000/1000 Mbps,3500,119,416500
2025-03-31,Gauteng,High,10/10 Mbps,120,46,5520
2025-03-31,Gauteng,High,50/50 Mbps,400,189,75600
2025-03-31,Gauteng,High,100/100 Mbps,800,141,112800
2025-03-31,Gauteng,High,200/200 Mbps,1200,228,273600
2025-03-31,Gauteng,High,500/500 Mbps,2000,266,532000
2025-03-31,Gauteng,High,1000/1000 Mbps,3500,96,336000
2025-03-31,Western Cape,Low,10/10 Mbps,120,199,23880
2025-03-31,Western Cape,Low,50/50 Mbps,400,66,26400
2025-03-31,Western Cape,Low,100/100 Mbps,800,77,61600
2025-03-31,Western Cape,Low,200/200 Mbps,1200,121,145200
2025-03-31,Western Cape,Low,500/500 Mbps,2000,67,134000
2025-03-31,Western Cape,Low,1000/1000 Mbps,3500,150,525000
2025-03-31,Western Cape,Medium,10/10 Mbps,120,185,22200
2025-03-31,Western Cape,Medium,50/50 Mbps,400,168,67200
2025-03-31,Western Cape,Medium,100/100 Mbps,800,199,159200
2025-03-31,Western Cape,Medium,200/200 Mbps,1200,137,164400
2025-03-31,Western Cape,Medium,500/500 Mbps,2000,144,288000
2025-03-31,Western Cape,Medium,1000/1000 Mbps,3500,154,539000
2025-03-31,Western Cape,High,10/10 Mbps,120,245,29400
2025-03-31,Western Cape,High,50/50 Mbps,400,87,34800
2025-03-31,Western Cape,High,100/100 Mbps,800,210,168000
2025-03-31,Western Cape,High,200/200 Mbps,1200,271,325200
2025-03-31,Western Cape,High,500/500 Mbps,2000,103,206000
2025-03-31,Western Cape,High,1000/1000 Mbps,3500,61,213500
2025-03-31,KwaZulu-Natal,Low,10/10 Mbps,120,170,20400
2025-03-31,KwaZulu-Natal,Low,50/50 Mbps,400,95,38000
2025-03-31,KwaZulu-Natal,Low,100/100 Mbps,800,111,88800
2025-03-31,KwaZulu-Natal,Low,200/200 Mbps,1200,149,178800
2025-03-31,KwaZulu-Natal,Low,500/500 Mbps,2000,59,118000
2025-03-31,KwaZulu-Natal,Low,1000/1000 Mbps,3500,120,420000
2025-03-31,KwaZulu-Natal,Medium,10/10 Mbps,120,75,9000
2025-03-31,KwaZulu-Natal,Medium,50/50 Mbps,400,156,62400
2025-03-31,KwaZulu-Natal,Medium,100/100 Mbps,800,40,32000
2025-03-31,KwaZulu-Natal,Medium,200/200 Mbps,1200,220,264000
2025-03-31,KwaZulu-Natal,Medium,500/500 Mbps,2000,131,262000
2025-03-31,KwaZulu-Natal,Medium,1000/1000 Mbps,3500,194,679000
2025-03-31,KwaZulu-Natal,High,10/10 Mbps,120,223,26760
2025-03-31,KwaZulu-Natal,High,50/50 Mbps,400,73,29200
2025-03-31,KwaZulu-Natal,High,100/100 Mbps,800,159,127200
2025-03-31,KwaZulu-Natal,High,200/200 Mbps,1200,242,290400
2025-03-31,KwaZulu-Natal,High,500/500 Mbps,2000,78,156000
2025-03-31,KwaZulu-Natal,High,1000/1000 Mbps,3500,115,402500
2025-03-31,Eastern Cape,Low,10/10 Mbps,120,106,12720
2025-03-31,Eastern Cape,Low,50/50 Mbps,400,30,12000
2025-03-31,Eastern Cape,Low,100/100 Mbps,800,70,56000
2025-03-31,Eastern Cape,Low,200/200 Mbps,1200,67,80400
2025-03-31,Eastern Cape,Low,500/500 Mbps,2000,199,398000
2025-03-31,Eastern Cape,Low,1000/1000 Mbps,3500,101,353500
2025-03-31,Eastern Cape,Medium,10/10 Mbps,120,222,26640
2025-03-31,Eastern Cape,Medium,50/50 Mbps,400,51,20400
2025-03-31,Eastern Cape,Medium,100/100 Mbps,800,38,30400
2025-03-31,Eastern Cape,Medium,200/200 Mbps,1200,207,248400
2025-03-31,Eastern Cape,Medium,500/500 Mbps,2000,157,314000
2025-03-31,Eastern Cape,Medium,1000/1000 Mbps,3500,214,749000
2025-03-31,Eastern Cape,High,10/10 Mbps,120,192,23040
2025-03-31,Eastern Cape,High,50/50 Mbps,400,216,86400
2025-03-31,Eastern Cape,High,100/100 Mbps,800,92,73600
2025-03-31,Eastern Cape,High,200/200 Mbps,1200,259,310800
2025-03-31,Eastern Cape,High,500/500 Mbps,2000,259,518000
2025-03-31,Eastern Cape,High,1000/1000 Mbps,3500,121,423500
2025-04-30,Gauteng,Low,10/10 Mbps,120,170,20400
2025-04-30,Gauteng,Low,50/50 Mbps,400,120,48000
2025-04-30,Gauteng,Low,100/100 Mbps,800,128,102400
2025-04-30,Gauteng,Low,200/200 Mbps,1200,147,176400
2025-04-30,Gauteng,Low,500/500 Mbps,2000,135,270000
2025-04-30,Gauteng,Low,1000/1000 Mbps,3500,148,518000
2025-04-30,Gauteng,Medium,10/10 Mbps,120,84,10080
2025-04-30,Gauteng,Medium,50/50 Mbps,400,156,62400
2025-04-30,Gauteng,Medium,100/100 Mbps,800,74,59200
2025-04-30,Gauteng,Medium,200/200 Mbps,1200,97,116400
2025-04-30,Gauteng,Medium,500/500 Mbps,2000,69,138000
2025-04-30,Gauteng,Medium,1000/1000 Mbps,3500,185,647500
2025-04-30,Gauteng,High,10/10 Mbps,120,112,13440
2025-04-30,Gauteng,High,50/50 Mbps,400,173,69200
2025-04-30,Gauteng,High,100/100 Mbps,800,214,171200
2025-04-30,Gauteng,High,200/200 Mbps,1200,219,262800
2025-04-30,Gauteng,High,500/500 Mbps,2000,262,524000
2025-04-30,Gauteng,High,1000/1000 Mbps,3500,155,542500
2025-04-30,Western Cape,Low,10/10 Mbps,120,191,22920
2025-04-30,Western Cape,Low,50/50 Mbps,400,194,77600
2025-04-30,Western Cape,Low,100/100 Mbps,800,69,55200
2025-04-30,Western Cape,Low,200/200 Mbps,1200,104,124800
2025-04-30,Western Cape,Low,500/500 Mbps,2000,70,140000
2025-04-30,Western Cape,Low,1000/1000 Mbps,3500,25,87500
2025-04-30,Western Cape,Medium,10/10 Mbps,120,201,24120
2025-04-30,Western Cape,Medium,50/50 Mbps,400,210,84000
2025-04-30,Western Cape,Medium,100/100 Mbps,800,129,103200
2025-04-30,Western Cape,Medium,200/200 Mbps,1200,34,40800
2025-04-30,Western Cape,Medium,500/500 Mbps,2000,164,328000
2025-04-30,Western Cape,Medium,1000/1000 Mbps,3500,81,283500
2025-04-30,Western Cape,High,10/10 Mbps,120,196,23520
2025-04-30,Western Cape,High,50/50 Mbps,400,29,11600
2025-04-30,Western Cape,High,100/100 Mbps,800,224,179200
2025-04-30,Western Cape,High,200/200 Mbps,1200,32,38400
2025-04-30,Western Cape,High,500/500 Mbps,2000,236,472000
2025-04-30,Western Cape,High,1000/1000 Mbps,3500,102,357000
2025-04-30,KwaZulu-Natal,Low,10/10 Mbps,120,155,18600
2025-04-30,KwaZulu-Natal,Low,50/50 Mbps,400,39,15600
2025-04-30,KwaZulu-Natal,Low,100/100 Mbps,800,106,84800
2025-04-30,KwaZulu-Natal,Low,200/200 Mbps,1200,63,75600
2025-04-30,KwaZulu-Natal,Low,500/500 Mbps,2000,49,98000
2025-04-30,KwaZulu-Natal,Low,1000/1000 Mbps,3500,139,486500
2025-04-30,KwaZulu-Natal,Medium,10/10 Mbps,120,199,23880
2025-04-30,KwaZulu-Natal,Medium,50/50 Mbps,400,153,61200
2025-04-30,KwaZulu-Natal,Medium,100/100 Mbps,800,219,175200
2025-04-30,KwaZulu-Natal,Medium,200/200 Mbps,1200,76,91200
2025-04-30,KwaZulu-Natal,Medium,500/500 Mbps,2000,231,462000
2025-04-30,KwaZulu-Natal,Medium,1000/1000 Mbps,3500,57,199500
2025-04-30,KwaZulu-Natal,High,10/10 Mbps,120,107,12840
2025-04-30,KwaZulu-Natal,High,50/50 Mbps,400,133,53200
2025-04-30,KwaZulu-Natal,High,100/100 Mbps,800,225,180000
2025-04-30,KwaZulu-Natal,High,200/200 Mbps,1200,171,205200
2025-04-30,KwaZulu-Natal,High,500/500 Mbps,2000,31,62000
2025-04-30,KwaZulu-Natal,High,1000/1000 Mbps,3500,70,245000
2025-04-30,Eastern Cape,Low,10/10 Mbps,120,89,10680
2025-04-30,Eastern Cape,Low,50/50 Mbps,400,120,48000
2025-04-30,Eastern Cape,Low,100/100 Mbps,800,110,88000
2025-04-30,Eastern Cape,Low,200/200 Mbps,1200,180,216000
2025-04-30,Eastern Cape,Low,500/500 Mbps,2000,83,166000
2025-04-30,Eastern Cape,Low,1000/1000 Mbps,3500,154,539000
2025-04-30,Eastern Cape,Medium,10/10 Mbps,120,96,11520
2025-04-30,Eastern Cape,Medium,50/50 Mbps,400,136,54400
2025-04-30,Eastern Cape,Medium,100/100 Mbps,800,221,176800
2025-04-30,Eastern Cape,Medium,200/200 Mbps,1200,39,46800
2025-04-30,Eastern Cape,Medium,500/500 Mbps,2000,36,72000
2025-04-30,Eastern Cape,Medium,1000/1000 Mbps,3500,237,829500
2025-04-30,Eastern Cape,High,10/10 Mbps,120,176,21120
2025-04-30,Eastern Cape,High,50/50 Mbps,400,167,66800
2025-04-30,Eastern Cape,High,100/100 Mbps,800,45,36000
2025-04-30,Eastern Cape,High,200/200 Mbps,1200,62,74400
2025-04-30,Eastern Cape,High,500/500 Mbps,2000,244,488000
2025-04-30,Eastern Cape,High,1000/1000 Mbps,3500,133,465500
2025-05-31,Gauteng,Low,10/10 Mbps,120,168,20160
2025-05-31,Gauteng,Low,50/50 Mbps,400,147,58800
2025-05-31,Gauteng,Low,100/100 Mbps,800,189,151200
2025-05-31,Gauteng,Low,200/200 Mbps,1200,52,62400
2025-05-31,Gauteng,Low,500/500 Mbps,2000,145,290000
2025-05-31,Gauteng,Low,1000/1000 Mbps,3500,131,458500
2025-05-31,Gauteng,Medium,10/10 Mbps,120,207,24840
2025-05-31,Gauteng,Medium,50/50 Mbps,400,45,18000
2025-05-31,Gauteng,Medium,100/100 Mbps,800,168,134400
2025-05-31,Gauteng,Medium,200/200 Mbps,1200,89,106800
2025-05-31,Gauteng,Medium,500/500 Mbps,2000,193,386000
2025-05-31,Gauteng,Medium,1000/1000 Mbps,3500,196,686000
2025-05-31,Gauteng,High,10/10 Mbps,120,84,10080
2025-05-31,Gauteng,High,50/50 Mbps,400,136,54400
2025-05-31,Gauteng,High,100/100 Mbps,800,253,202400
2025-05-31,Gauteng,High,200/200 Mbps,1200,267,320400
2025-05-31,Gauteng,High,500/500 Mbps,2000,169,338000
2025-05-31,Gauteng,High,1000/1000 Mbps,3500,177,619500
2025-05-31,Western Cape,Low,10/10 Mbps,120,113,13560
2025-05-31,Western Cape,Low,50/50 Mbps,400,104,41600
2025-05-31,Western Cape,Low,100/100 Mbps,800,137,109600
2025-05-31,Western Cape,Low,200/200 Mbps,1200,99,118800
2025-05-31,Western Cape,Low,500/500 Mbps,2000,54,108000
2025-05-31,Western Cape,Low,1000/1000 Mbps,3500,86,301000
2025-05-31,Western Cape,Medium,10/10 Mbps,120,215,25800
2025-05-31,Western Cape,Medium,50/50 Mbps,400,73,29200
2025-05-31,Western Cape,Medium,100/100 Mbps,800,174,139200
2025-05-31,Western Cape,Medium,200/200 Mbps,1200,180,216000
2025-05-31,Western Cape,Medium,500/500 Mbps,2000,100,200000
2025-05-31,Western Cape,Medium,1000/1000 Mbps,3500,96,336000
2025-05-31,Western Cape,High,10/10 Mbps,120,168,20160
2025-05-31,Western Cape,High,50/50 Mbps,400,34,13600
2025-05-31,Western Cape,High,100/100 Mbps,800,244,195200
2025-05-31,Western Cape,High,200/200 Mbps,1200,170,204000
2025-05-31,Western Cape,High,500/500 Mbps,2000,91,182000
2025-05-31,Western Cape,High,1000/1000 Mbps,3500,168,588000
2025-05-31,KwaZulu-Natal,Low,10/10 Mbps,120,29,3480
2025-05-31,KwaZulu-Natal,Low,50/50 Mbps,400,58,23200
2025-05-31,KwaZulu-Natal,Low,100/100 Mbps,800,43,34400
2025-05-31,KwaZulu-Natal,Low,200/200 Mbps,1200,173,207600
2025-05-31,KwaZulu-Natal,Low,500/500 Mbps,2000,118,236000
2025-05-31,KwaZulu-Natal,Low,1000/1000 Mbps,3500,164,574000
2025-05-31,KwaZulu-Natal,Medium,10/10 Mbps,120,71,8520
2025-05-31,KwaZulu-Natal,Medium,50/50 Mbps,400,175,70000
2025-05-31,KwaZulu-Natal,Medium,100/100 Mbps,800,166,132800
2025-05-31,KwaZulu-Natal,Medium,200/200 Mbps,1200,137,164400
2025-05-31,KwaZulu-Natal,Medium,500/500 Mbps,2000,59,118000
2025-05-31,KwaZulu-Natal,Medium,1000/1000 Mbps,3500,178,623000
2025-05-31,KwaZulu-Natal,High,10/10 Mbps,120,158,18960
2025-05-31,KwaZulu-Natal,High,50/50 Mbps,400,214,85600
2025-05-31,KwaZulu-Natal,High,100/100 Mbps,800,88,70400
2025-05-31,KwaZulu-Natal,High,200/200 Mbps,1200,54,64800
2025-05-31,KwaZulu-Natal,High,500/500 Mbps,2000,271,542000
2025-05-31,KwaZulu-Natal,High,1000/1000 Mbps,3500,249,871500
2025-05-31,Eastern Cape,Low,10/10 Mbps,120,54,6480
2025-05-31,Eastern Cape,Low,50/50 Mbps,400,174,69600
2025-05-31,Eastern Cape,Low,100/100 Mbps,800,54,43200
2025-05-31,Eastern Cape,Low,200/200 Mbps,1200,52,62400
2025-05-31,Eastern Cape,Low,500/500 Mbps,2000,143,286000
2025-05-31,Eastern Cape,Low,1000/1000 Mbps,3500,149,521500
2025-05-31,Eastern Cape,Medium,10/10 Mbps,120,92,11040
2025-05-31,Eastern Cape,Medium,50/50 Mbps,400,231,92400
2025-05-31,Eastern Cape,Medium,100/100 Mbps,800,30,24000
2025-05-31,Eastern Cape,Medium,200/200 Mbps,1200,112,134400
2025-05-31,Eastern Cape,Medium,500/500 Mbps,2000,100,200000
2025-05-31,Eastern Cape,Medium,1000/1000 Mbps,3500,66,231000
2025-05-31,Eastern Cape,High,10/10 Mbps,120,36,4320
2025-05-31,Eastern Cape,High,50/50 Mbps,400,152,60800
2025-05-31,Eastern Cape,High,100/100 Mbps,800,199,159200
2025-05-31,Eastern Cape,High,200/200 Mbps,1200,177,212400
2025-05-31,Eastern Cape,High,500/500 Mbps,2000,237,474000
2025-05-31,Eastern Cape,High,1000/1000 Mbps,3500,164,574000
2025-06-30,Gauteng,Low,10/10 Mbps,120,135,16200
2025-06-30,Gauteng,Low,50/50 Mbps,400,160,64000
2025-06-30,Gauteng,Low,100/100 Mbps,800,140,112000
2025-06-30,Gauteng,Low,200/200 Mbps,1200,182,218400
2025-06-30,Gauteng,Low,500/500 Mbps,2000,146,292000
2025-06-30,Gauteng,Low,1000/1000 Mbps,3500,164,574000
2025-06-30,Gauteng,Medium,10/10 Mbps,120,211,25320
2025-06-30,Gauteng,Medium,50/50 Mbps,400,91,36400
2025-06-30,Gauteng,Medium,100/100 Mbps,800,192,153600
2025-06-30,Gauteng,Medium,200/200 Mbps,1200,140,168000
2025-06-30,Gauteng,Medium,500/500 Mbps,2000,95,190000
2025-06-30,Gauteng,Medium,1000/1000 Mbps,3500,110,385000
2025-06-30,Gauteng,High,10/10 Mbps,120,128,15360
2025-06-30,Gauteng,High,50/50 Mbps,400,161,64400
2025-06-30,Gauteng,High,100/100 Mbps,800,205,164000
2025-06-30,Gauteng,High,200/200 Mbps,1200,124,148800
2025-06-30,Gauteng,High,500/500 Mbps,2000,83,166000
2025-06-30,Gauteng,High,1000/1000 Mbps,3500,38,133000
2025-06-30,Western Cape,Low,10/10 Mbps,120,96,11520
2025-06-30,Western Cape,Low,50/50 Mbps,400,90,36000
2025-06-30,Western Cape,Low,100/100 Mbps,800,59,47200
2025-06-30,Western Cape,Low,200/200 Mbps,1200,137,164400
2025-06-30,Western Cape,Low,500/500 Mbps,2000,158,316000
2025-06-30,Western Cape,Low,1000/1000 Mbps,3500,154,539000
2025-06-30,Western Cape,Medium,10/10 Mbps,120,109,13080
2025-06-30,Western Cape,Medium,50/50 Mbps,400,195,78000
2025-06-30,Western Cape,Medium,100/100 Mbps,800,38,30400
2025-06-30,Western Cape,Medium,200/200 Mbps,1200,27,32400
2025-06-30,Western Cape,Medium,500/500 Mbps,2000,191,382000
2025-06-30,Western Cape,Medium,1000/1000 Mbps,3500,237,829500
2025-06-30,Western Cape,High,10/10 Mbps,120,141,16920
2025-06-30,Western Cape,High,50/50 Mbps,400,74,29600
2025-06-30,Western Cape,High,100/100 Mbps,800,36,28800
2025-06-30,Western Cape,High,200/200 Mbps,1200,40,48000
2025-06-30,Western Cape,High,500/500 Mbps,2000,157,314000
2025-06-30,Western Cape,High,1000/1000 Mbps,3500,76,266000
2025-06-30,KwaZulu-Natal,Low,10/10 Mbps,120,42,5040
2025-06-30,KwaZulu-Natal,Low,50/50 Mbps,400,27,10800
2025-06-30,KwaZulu-Natal,Low,100/100 Mbps,800,34,27200
2025-06-30,KwaZulu-Natal,Low,200/200 Mbps,1200,118,141600
2025-06-30,KwaZulu-Natal,Low,500/500 Mbps,2000,172,344000
2025-06-30,KwaZulu-Natal,Low,1000/1000 Mbps,3500,178,623000
2025-06-30,KwaZulu-Natal,Medium,10/10 Mbps,120,53,6360
2025-06-30,KwaZulu-Natal,Medium,50/50 Mbps,400,167,66800
2025-06-30,KwaZulu-Natal,Medium,100/100 Mbps,800,195,156000
2025-06-30,KwaZulu-Natal,Medium,200/200 Mbps,1200,126,151200
2025-06-30,KwaZulu-Natal,Medium,500/500 Mbps,2000,144,288000
2025-06-30,KwaZulu-Natal,Medium,1000/1000 Mbps,3500,183,640500
2025-06-30,KwaZulu-Natal,High,10/10 Mbps,120,69,8280
2025-06-30,KwaZulu-Natal,High,50/50 Mbps,400,115,46000
2025-06-30,KwaZulu-Natal,High,100/100 Mbps,800,134,107200
2025-06-30,KwaZulu-Natal,High,200/200 Mbps,1200,241,289200
2025-06-30,KwaZulu-Natal,High,500/500 Mbps,2000,138,276000
2025-06-30,KwaZulu-Natal,High,1000/1000 Mbps,3500,123,430500
2025-06-30,Eastern Cape,Low,10/10 Mbps,120,55,6600
2025-06-30,Eastern Cape,Low,50/50 Mbps,400,22,8800
2025-06-30,Eastern Cape,Low,100/100 Mbps,800,148,118400
2025-06-30,Eastern Cape,Low,200/200 Mbps,1200,24,28800
2025-06-30,Eastern Cape,Low,500/500 Mbps,2000,49,98000
2025-06-30,Eastern Cape,Low,1000/1000 Mbps,3500,75,262500
2025-06-30,Eastern Cape,Medium,10/10 Mbps,120,201,24120
2025-06-30,Eastern Cape,Medium,50/50 Mbps,400,213,85200
2025-06-30,Eastern Cape,Medium,100/100 Mbps,800,142,113600
2025-06-30,Eastern Cape,Medium,200/200 Mbps,1200,220,264000
2025-06-30,Eastern Cape,Medium,500/500 Mbps,2000,106,212000
2025-06-30,Eastern Cape,Medium,1000/1000 Mbps,3500,211,738500
2025-06-30,Eastern Cape,High,10/10 Mbps,120,165,19800
2025-06-30,Eastern Cape,High,50/50 Mbps,400,154,61600
2025-06-30,Eastern Cape,High,100/100 Mbps,800,270,216000
2025-06-30,Eastern Cape,High,200/200 Mbps,1200,124,148800
2025-06-30,Eastern Cape,High,500/500 Mbps,2000,223,446000
2025-06-30,Eastern Cape,High,1000/1000 Mbps,3500,135,472500
2025-07-31,Gauteng,Low,10/10 Mbps,120,185,22200
2025-07-31,Gauteng,Low,50/50 Mbps,400,175,70000
2025-07-31,Gauteng,Low,100/100 Mbps,800,189,151200
2025-07-31,Gauteng,Low,200/200 Mbps,1200,50,60000
2025-07-31,Gauteng,Low,500/500 Mbps,2000,35,70000
2025-07-31,Gauteng,Low,1000/1000 Mbps,3500,51,178500
2025-07-31,Gauteng,Medium,10/10 Mbps,120,184,22080
2025-07-31,Gauteng,Medium,50/50 Mbps,400,103,41200
2025-07-31,Gauteng,Medium,100/100 Mbps,800,74,59200
2025-07-31,Gauteng,Medium,200/200 Mbps,1200,156,187200
2025-07-31,Gauteng,Medium,500/500 Mbps,2000,152,304000
2025-07-31,Gauteng,Medium,1000/1000 Mbps,3500,39,136500
2025-07-31,Gauteng,High,10/10 Mbps,120,128,15360
2025-07-31,Gauteng,High,50/50 Mbps,400,239,95600
2025-07-31,Gauteng,High,100/100 Mbps,800,221,176800
2025-07-31,Gauteng,High,200/200 Mbps,1200,78,93600
2025-07-31,Gauteng,High,500/500 Mbps,2000,113,226000
2025-07-31,Gauteng,High,1000/1000 Mbps,3500,69,241500
2025-07-31,Western Cape,Low,10/10 Mbps,120,43,5160
2025-07-31,Western Cape,Low,50/50 Mbps,400,64,25600
2025-07-31,Western Cape,Low,100/100 Mbps,800,162,129600
2025-07-31,Western Cape,Low,200/200 Mbps,1200,194,232800
2025-07-31,Western Cape,Low,500/500 Mbps,2000,116,232000
2025-07-31,Western Cape,Low,1000/1000 Mbps,3500,196,686000
2025-07-31,Western Cape,Medium,10/10 Mbps,120,93,11160
2025-07-31,Western Cape,Medium,50/50 Mbps,400,189,75600
2025-07-31,Western Cape,Medium,100/100 Mbps,800,216,172800
2025-07-31,Western Cape,Medium,200/200 Mbps,1200,167,200400
2025-07-31,Western Cape,Medium,500/500 Mbps,2000,143,286000
2025-07-31,Western Cape,Medium,1000/1000 Mbps,3500,134,469000
2025-07-31,Western Cape,High,10/10 Mbps,120,95,11400
2025-07-31,Western Cape,High,50/50 Mbps,400,157,62800
2025-07-31,Western Cape,High,100/100 Mbps,800,235,188000
2025-07-31,Western Cape,High,200/200 Mbps,1200,258,309600
2025-07-31,Western Cape,High,500/500 Mbps,2000,144,288000
2025-07-31,Western Cape,High,1000/1000 Mbps,3500,35,122500
2025-07-31,KwaZulu-Natal,Low,10/10 Mbps,120,106,12720
2025-07-31,KwaZulu-Natal,Low,50/50 Mbps,400,139,55600
2025-07-31,KwaZulu-Natal,Low,100/100 Mbps,800,170,136000
2025-07-31,KwaZulu-Natal,Low,200/200 Mbps,1200,30,36000
2025-07-31,KwaZulu-Natal,Low,500/500 Mbps,2000,134,268000
2025-07-31,KwaZulu-Natal,Low,1000/1000 Mbps,3500,171,598500
2025-07-31,KwaZulu-Natal,Medium,10/10 Mbps,120,205,24600
2025-07-31,KwaZulu-Natal,Medium,50/50 Mbps,400,223,89200
2025-07-31,KwaZulu-Natal,Medium,100/100 Mbps,800,44,35200
2025-07-31,KwaZulu-Natal,Medium,200/200 Mbps,1200,146,175200
2025-07-31,KwaZulu-Natal,Medium,500/500 Mbps,2000,219,438000
2025-07-31,KwaZulu-Natal,Medium,1000/1000 Mbps,3500,185,647500
2025-07-31,KwaZulu-Natal,High,10/10 Mbps,120,169,20280
2025-07-31,KwaZulu-Natal,High,50/50 Mbps,400,32,12800
2025-07-31,KwaZulu-Natal,High,100/100 Mbps,800,42,33600
2025-07-31,KwaZulu-Natal,High,200/200 Mbps,1200,178,213600
2025-07-31,KwaZulu-Natal,High,500/500 Mbps,2000,85,170000
2025-07-31,KwaZulu-Natal,High,1000/1000 Mbps,3500,46,161000
2025-07-31,Eastern Cape,Low,10/10 Mbps,120,79,9480
2025-07-31,Eastern Cape,Low,50/50 Mbps,400,94,37600
2025-07-31,Eastern Cape,Low,100/100 Mbps,800,87,69600
2025-07-31,Eastern Cape,Low,200/200 Mbps,1200,172,206400
2025-07-31,Eastern Cape,Low,500/500 Mbps,2000,171,342000
2025-07-31,Eastern Cape,Low,1000/1000 Mbps,3500,41,143500
2025-07-31,Eastern Cape,Medium,10/10 Mbps,120,107,12840
2025-07-31,Eastern Cape,Medium,50/50 Mbps,400,63,25200
2025-07-31,Eastern Cape,Medium,100/100 Mbps,800,25,20000
2025-07-31,Eastern Cape,Medium,200/200 Mbps,1200,206,247200
2025-07-31,Eastern Cape,Medium,500/500 Mbps,2000,96,192000
2025-07-31,Eastern Cape,Medium,1000/1000 Mbps,3500,52,182000
2025-07-31,Eastern Cape,High,10/10 Mbps,120,48,5760
2025-07-31,Eastern Cape,High,50/50 Mbps,400,32,12800
2025-07-31,Eastern Cape,High,100/100 Mbps,800,246,196800
2025-07-31,Eastern Cape,High,200/200 Mbps,1200,113,135600
2025-07-31,Eastern Cape,High,500/500 Mbps,2000,90,180000
2025-07-31,Eastern Cape,High,1000/1000 Mbps,3500,274,959000
2025-08-31,Gauteng,Low,10/10 Mbps,120,45,5400
2025-08-31,Gauteng,Low,50/50 Mbps,400,103,41200
2025-08-31,Gauteng,Low,100/100 Mbps,800,28,22400
2025-08-31,Gauteng,Low,200/200 Mbps,1200,165,198000
2025-08-31,Gauteng,Low,500/500 Mbps,2000,36,72000
2025-08-31,Gauteng,Low,1000/1000 Mbps,3500,183,640500
2025-08-31,Gauteng,Medium,10/10 Mbps,120,28,3360
2025-08-31,Gauteng,Medium,50/50 Mbps,400,63,25200
2025-08-31,Gauteng,Medium,100/100 Mbps,800,112,89600
2025-08-31,Gauteng,Medium,200/200 Mbps,1200,39,46800
2025-08-31,Gauteng,Medium,500/500 Mbps,2000,229,458000
2025-08-31,Gauteng,Medium,1000/1000 Mbps,3500,78,273000
2025-08-31,Gauteng,High,10/10 Mbps,120,261,31320
2025-08-31,Gauteng,High,50/50 Mbps,400,148,59200
2025-08-31,Gauteng,High,100/100 Mbps,800,263,210400
2025-08-31,Gauteng,High,200/200 Mbps,1200,128,153600
2025-08-31,Gauteng,High,500/500 Mbps,2000,31,62000
2025-08-31,Gauteng,High,1000/1000 Mbps,3500,110,385000
2025-08-31,Western Cape,Low,10/10 Mbps,120,160,19200
2025-08-31,Western Cape,Low,50/50 Mbps,400,158,63200
2025-08-31,Western Cape,Low,100/100 Mbps,800,168,134400
2025-08-31,Western Cape,Low,200/200 Mbps,1200,185,222000
2025-08-31,Western Cape,Low,500/500 Mbps,2000,117,234000
2025-08-31,Western Cape,Low,1000/1000 Mbps,3500,21,73500
2025-08-31,Western Cape,Medium,10/10 Mbps,120,135,16200
2025-08-31,Western Cape,Medium,50/50 Mbps,400,61,24400
2025-08-31,Western Cape,Medium,100/100 Mbps,800,31,24800
2025-08-31,Western Cape,Medium,200/200 Mbps,1200,54,64800
2025-08-31,Western Cape,Medium,500/500 Mbps,2000,209,418000
2025-08-31,Western Cape,Medium,1000/1000 Mbps,3500,46,161000
2025-08-31,Western Cape,High,10/10 Mbps,120,61,7320
2025-08-31,Western Cape,High,50/50 Mbps,400,109,43600
2025-08-31,Western Cape,High,100/100 Mbps,800,76,60800
2025-08-31,Western Cape,High,200/200 Mbps,1200,279,334800
2025-08-31,Western Cape,High,500/500 Mbps,2000,174,348000
2025-08-31,Western Cape,High,1000/1000 Mbps,3500,142,497000
2025-08-31,KwaZulu-Natal,Low,10/10 Mbps,120,113,13560
2025-08-31,KwaZulu-Natal,Low,50/50 Mbps,400,75,30000
2025-08-31,KwaZulu-Natal,Low,100/100 Mbps,800,30,24000
2025-08-31,KwaZulu-Natal,Low,200/200 Mbps,1200,119,142800
2025-08-31,KwaZulu-Natal,Low,500/500 Mbps,2000,101,202000
2025-08-31,KwaZulu-Natal,Low,1000/1000 Mbps,3500,142,497000
2025-08-31,KwaZulu-Natal,Medium,10/10 Mbps,120,112,13440
2025-08-31,KwaZulu-Natal,Medium,50/50 Mbps,400,89,35600
2025-08-31,KwaZulu-Natal,Medium,100/100 Mbps,800,123,98400
2025-08-31,KwaZulu-Natal,Medium,200/200 Mbps,1200,110,132000
2025-08-31,KwaZulu-Natal,Medium,500/500 Mbps,2000,62,124000
2025-08-31,KwaZulu-Natal,Medium,1000/1000 Mbps,3500,191,668500
2025-08-31,KwaZulu-Natal,High,10/10 Mbps,120,40,4800
2025-08-31,KwaZulu-Natal,High,50/50 Mbps,400,245,98000
2025-08-31,KwaZulu-Natal,High,100/100 Mbps,800,145,116000
2025-08-31,KwaZulu-Natal,High,200/200 Mbps,1200,101,121200
2025-08-31,KwaZulu-Natal,High,500/500 Mbps,2000,174,348000
2025-08-31,KwaZulu-Natal,High,1000/1000 Mbps,3500,132,462000
2025-08-31,Eastern Cape,Low,10/10 Mbps,120,192,23040
2025-08-31,Eastern Cape,Low,50/50 Mbps,400,181,72400
2025-08-31,Eastern Cape,Low,100/100 Mbps,800,86,68800
2025-08-31,Eastern Cape,Low,200/200 Mbps,1200,182,218400
2025-08-31,Eastern Cape,Low,500/500 Mbps,2000,161,322000
2025-08-31,Eastern Cape,Low,1000/1000 Mbps,3500,124,434000
2025-08-31,Eastern Cape,Medium,10/10 Mbps,120,110,13200
2025-08-31,Eastern Cape,Medium,50/50 Mbps,400,182,72800
2025-08-31,Eastern Cape,Medium,100/100 Mbps,800,223,178400
2025-08-31,Eastern Cape,Medium,200/200 Mbps,1200,200,240000
2025-08-31,Eastern Cape,Medium,500/500 Mbps,2000,95,190000
2025-08-31,Eastern Cape,Medium,1000/1000 Mbps,3500,69,241500
2025-08-31,Eastern Cape,High,10/10 Mbps,120,140,16800
2025-08-31,Eastern Cape,High,50/50 Mbps,400,167,66800
2025-08-31,Eastern Cape,High,100/100 Mbps,800,71,56800
2025-08-31,Eastern Cape,High,200/200 Mbps,1200,111,133200
2025-08-31,Eastern Cape,High,500/500 Mbps,2000,251,502000
2025-08-31,Eastern Cape,High,1000/1000 Mbps,3500,55,192500
2025-09-30,Gauteng,Low,10/10 Mbps,120,40,4800
2025-09-30,Gauteng,Low,50/50 Mbps,400,39,15600
2025-09-30,Gauteng,Low,100/100 Mbps,800,117,93600
2025-09-30,Gauteng,Low,200/200 Mbps,1200,198,237600
2025-09-30,Gauteng,Low,500/500 Mbps,2000,35,70000
2025-09-30,Gauteng,Low,1000/1000 Mbps,3500,177,619500
2025-09-30,Gauteng,Medium,10/10 Mbps,120,216,25920
2025-09-30,Gauteng,Medium,50/50 Mbps,400,128,51200
2025-09-30,Gauteng,Medium,100/100 Mbps,800,138,110400
2025-09-30,Gauteng,Medium,200/200 Mbps,1200,197,236400
2025-09-30,Gauteng,Medium,500/500 Mbps,2000,105,210000
2025-09-30,Gauteng,Medium,1000/1000 Mbps,3500,104,364000
2025-09-30,Gauteng,High,10/10 Mbps,120,231,27720
2025-09-30,Gauteng,High,50/50 Mbps,400,82,32800
2025-09-30,Gauteng,High,100/100 Mbps,800,113,90400
2025-09-30,Gauteng,High,200/200 Mbps,1200,101,121200
2025-09-30,Gauteng,High,500/500 Mbps,2000,279,558000
2025-09-30,Gauteng,High,1000/1000 Mbps,3500,209,731500
2025-09-30,Western Cape,Low,10/10 Mbps,120,106,12720
2025-09-30,Western Cape,Low,50/50 Mbps,400,106,42400
2025-09-30,Western Cape,Low,100/100 Mbps,800,23,18400
2025-09-30,Western Cape,Low,200/200 Mbps,1200,59,70800
2025-09-30,Western Cape,Low,500/500 Mbps,2000,195,390000
2025-09-30,Western Cape,Low,1000/1000 Mbps,3500,33,115500
2025-09-30,Western Cape,Medium,10/10 Mbps,120,193,23160
2025-09-30,Western Cape,Medium,50/50 Mbps,400,149,59600
2025-09-30,Western Cape,Medium,100/100 Mbps,800,32,25600
2025-09-30,Western Cape,Medium,200/200 Mbps,1200,54,64800
2025-09-30,Western Cape,Medium,500/500 Mbps,2000,175,350000
2025-09-30,Western Cape,Medium,1000/1000 Mbps,3500,180,630000
2025-09-30,Western Cape,High,10/10 Mbps,120,229,27480
2025-09-30,Western Cape,High,50/50 Mbps,400,216,86400
2025-09-30,Western Cape,High,100/100 Mbps,800,37,29600
2025-09-30,Western Cape,High,200/200 Mbps,1200,44,52800
2025-09-30,Western Cape,High,500/500 Mbps,2000,200,400000
2025-09-30,Western Cape,High,1000/1000 Mbps,3500,170,595000
2025-09-30,KwaZulu-Natal,Low,10/10 Mbps,120,79,9480
2025-09-30,KwaZulu-Natal,Low,50/50 Mbps,400,113,45200
2025-09-30,KwaZulu-Natal,Low,100/100 Mbps,800,25,20000
2025-09-30,KwaZulu-Natal,Low,200/200 Mbps,1200,153,183600
2025-09-30,KwaZulu-Natal,Low,500/500 Mbps,2000,191,382000
2025-09-30,KwaZulu-Natal,Low,1000/1000 Mbps,3500,131,458500
2025-09-30,KwaZulu-Natal,Medium,10/10 Mbps,120,110,13200
2025-09-30,KwaZulu-Natal,Medium,50/50 Mbps,400,203,81200
2025-09-30,KwaZulu-Natal,Medium,100/100 Mbps,800,114,91200
2025-09-30,KwaZulu-Natal,Medium,200/200 Mbps,1200,213,255600
2025-09-30,KwaZulu-Natal,Medium,500/500 Mbps,2000,231,462000
2025-09-30,KwaZulu-Natal,Medium,1000/1000 Mbps,3500,216,756000
2025-09-30,KwaZulu-Natal,High,10/10 Mbps,120,29,3480
2025-09-30,KwaZulu-Natal,High,50/50 Mbps,400,83,33200
2025-09-30,KwaZulu-Natal,High,100/100 Mbps,800,165,132000
2025-09-30,KwaZulu-Natal,High,200/200 Mbps,1200,63,75600
2025-09-30,KwaZulu-Natal,High,500/500 Mbps,2000,75,150000
2025-09-30,KwaZulu-Natal,High,1000/1000 Mbps,3500,212,742000
2025-09-30,Eastern Cape,Low,10/10 Mbps,120,68,8160
2025-09-30,Eastern Cape,Low,50/50 Mbps,400,155,62000
2025-09-30,Eastern Cape,Low,100/100 Mbps,800,158,126400
2025-09-30,Eastern Cape,Low,200/200 Mbps,1200,197,236400
2025-09-30,Eastern Cape,Low,500/500 Mbps,2000,65,130000
2025-09-30,Eastern Cape,Low,1000/1000 Mbps,3500,63,220500
2025-09-30,Eastern Cape,Medium,10/10 Mbps,120,54,6480
2025-09-30,Eastern Cape,Medium,50/50 Mbps,400,168,67200
2025-09-30,Eastern Cape,Medium,100/100 Mbps,800,100,80000
2025-09-30,Eastern Cape,Medium,200/200 Mbps,1200,209,250800
2025-09-30,Eastern Cape,Medium,500/500 Mbps,2000,34,68000
2025-09-30,Eastern Cape,Medium,1000/1000 Mbps,3500,93,325500
2025-09-30,Eastern Cape,High,10/10 Mbps,120,144,17280
2025-09-30,Eastern Cape,High,50/50 Mbps,400,175,70000
2025-09-30,Eastern Cape,High,100/100 Mbps,800,244,195200
2025-09-30,Eastern Cape,High,200/200 Mbps,1200,99,118800
2025-09-30,Eastern Cape,High,500/500 Mbps,2000,223,446000
2025-09-30,Eastern Cape,High,1000/1000 Mbps,3500,31,108500
2025-10-31,Gauteng,Low,10/10 Mbps,120,92,11040
2025-10-31,Gauteng,Low,50/50 Mbps,400,30,12000
2025-10-31,Gauteng,Low,100/100 Mbps,800,89,71200
2025-10-31,Gauteng,Low,200/200 Mbps,1200,131,157200
2025-10-31,Gauteng,Low,500/500 Mbps,2000,113,226000
2025-10-31,Gauteng,Low,1000/1000 Mbps,3500,198,693000
2025-10-31,Gauteng,Medium,10/10 Mbps,120,179,21480
2025-10-31,Gauteng,Medium,50/50 Mbps,400,131,52400
2025-10-31,Gauteng,Medium,100/100 Mbps,800,146,116800
2025-10-31,Gauteng,Medium,200/200 Mbps,1200,148,177600
2025-10-31,Gauteng,Medium,500/500 Mbps,2000,183,366000
2025-10-31,Gauteng,Medium,1000/1000 Mbps,3500,220,770000
2025-10-31,Gauteng,High,10/10 Mbps,120,69,8280
2025-10-31,Gauteng,High,50/50 Mbps,400,62,24800
2025-10-31,Gauteng,High,100/100 Mbps,800,253,202400
2025-10-31,Gauteng,High,200/200 Mbps,1200,154,184800
2025-10-31,Gauteng,High,500/500 Mbps,2000,60,120000
2025-10-31,Gauteng,High,1000/1000 Mbps,3500,176,616000
2025-10-31,Western Cape,Low,10/10 Mbps,120,113,13560
2025-10-31,Western Cape,Low,50/50 Mbps,400,60,24000
2025-10-31,Western Cape,Low,100/100 Mbps,800,186,148800
2025-10-31,Western Cape,Low,200/200 Mbps,1200,90,108000
2025-10-31,Western Cape,Low,500/500 Mbps,2000,102,204000
2025-10-31,Western Cape,Low,1000/1000 Mbps,3500,88,308000
2025-10-31,Western Cape,Medium,10/10 Mbps,120,219,26280
2025-10-31,Western Cape,Medium,50/50 Mbps,400,114,45600
2025-10-31,Western Cape,Medium,100/100 Mbps,800,138,110400
2025-10-31,Western Cape,Medium,200/200 Mbps,1200,147,176400
2025-10-31,Western Cape,Medium,500/500 Mbps,2000,25,50000
2025-10-31,Western Cape,Medium,1000/1000 Mbps,3500,59,206500
2025-10-31,Western Cape,High,10/10 Mbps,120,30,3600
2025-10-31,Western Cape,High,50/50 Mbps,400,112,44800
2025-10-31,Western Cape,High,100/100 Mbps,800,126,100800
2025-10-31,Western Cape,High,200/200 Mbps,1200,98,117600
2025-10-31,Western Cape,High,500/500 Mbps,2000,125,250000
2025-10-31,Western Cape,High,1000/1000 Mbps,3500,72,252000
2025-10-31,KwaZulu-Natal,Low,10/10 Mbps,120,50,6000
2025-10-31,KwaZulu-Natal,Low,50/50 Mbps,400,125,50000
2025-10-31,KwaZulu-Natal,Low,100/100 Mbps,800,140,112000
2025-10-31,KwaZulu-Natal,Low,200/200 Mbps,1200,134,160800
2025-10-31,KwaZulu-Natal,Low,500/500 Mbps,2000,158,316000
2025-10-31,KwaZulu-Natal,Low,1000/1000 Mbps,3500,171,598500
2025-10-31,KwaZulu-Natal,Medium,10/10 Mbps,120,213,25560
2025-10-31,KwaZulu-Natal,Medium,50/50 Mbps,400,190,76000
2025-10-31,KwaZulu-Natal,Medium,100/100 Mbps,800,59,47200
2025-10-31,KwaZulu-Natal,Medium,200/200 Mbps,1200,180,216000
2025-10-31,KwaZulu-Natal,Medium,500/500 Mbps,2000,219,438000
2025-10-31,KwaZulu-Natal,Medium,1000/1000 Mbps,3500,94,329000
2025-10-31,KwaZulu-Natal,High,10/10 Mbps,120,179,21480
2025-10-31,KwaZulu-Natal,High,50/50 Mbps,400,35,14000
2025-10-31,KwaZulu-Natal,High,100/100 Mbps,800,260,208000
2025-10-31,KwaZulu-Natal,High,200/200 Mbps,1200,265,318000
2025-10-31,KwaZulu-Natal,High,500/500 Mbps,2000,272,544000
2025-10-31,KwaZulu-Natal,High,1000/1000 Mbps,3500,116,406000
2025-10-31,Eastern Cape,Low,10/10 Mbps,120,162,19440
2025-10-31,Eastern Cape,Low,50/50 Mbps,400,66,26400
2025-10-31,Eastern Cape,Low,100/100 Mbps,800,199,159200
2025-10-31,Eastern Cape,Low,200/200 Mbps,1200,68,81600
2025-10-31,Eastern Cape,Low,500/500 Mbps,2000,80,160000
2025-10-31,Eastern Cape,Low,1000/1000 Mbps,3500,90,315000
2025-10-31,Eastern Cape,Medium,10/10 Mbps,120,183,21960
2025-10-31,Eastern Cape,Medium,50/50 Mbps,400,118,47200
2025-10-31,Eastern Cape,Medium,100/100 Mbps,800,88,70400
2025-10-31,Eastern Cape,Medium,200/200 Mbps,1200,100,120000
2025-10-31,Eastern Cape,Medium,500/500 Mbps,2000,69,138000
2025-10-31,Eastern Cape,Medium,1000/1000 Mbps,3500,67,234500
2025-10-31,Eastern Cape,High,10/10 Mbps,120,139,16680
2025-10-31,Eastern Cape,High,50/50 Mbps,400,260,104000
2025-10-31,Eastern Cape,High,100/100 Mbps,800,105,84000
2025-10-31,Eastern Cape,High,200/200 Mbps,1200,92,110400
2025-10-31,Eastern Cape,High,500/500 Mbps,2000,54,108000
2025-10-31,Eastern Cape,High,1000/1000 Mbps,3500,114,399000
2025-11-30,Gauteng,Low,10/10 Mbps,120,171,20520
2025-11-30,Gauteng,Low,50/50 Mbps,400,121,48400
2025-11-30,Gauteng,Low,100/100 Mbps,800,87,69600
2025-11-30,Gauteng,Low,200/200 Mbps,1200,80,96000
2025-11-30,Gauteng,Low,500/500 Mbps,2000,70,140000
2025-11-30,Gauteng,Low,1000/1000 Mbps,3500,106,371000
2025-11-30,Gauteng,Medium,10/10 Mbps,120,212,25440
2025-11-30,Gauteng,Medium,50/50 Mbps,400,154,61600
2025-11-30,Gauteng,Medium,100/100 Mbps,800,236,188800
2025-11-30,Gauteng,Medium,200/200 Mbps,1200,92,110400
2025-11-30,Gauteng,Medium,500/500 Mbps,2000,129,258000
2025-11-30,Gauteng,Medium,1000/1000 Mbps,3500,76,266000
2025-11-30,Gauteng,High,10/10 Mbps,120,84,10080
2025-11-30,Gauteng,High,50/50 Mbps,400,46,18400
2025-11-30,Gauteng,High,100/100 Mbps,800,121,96800
2025-11-30,Gauteng,High,200/200 Mbps,1200,216,259200
2025-11-30,Gauteng,High,500/500 Mbps,2000,207,414000
2025-11-30,Gauteng,High,1000/1000 Mbps,3500,239,836500
2025-11-30,Western Cape,Low,10/10 Mbps,120,68,8160
2025-11-30,Western Cape,Low,50/50 Mbps,400,59,23600
2025-11-30,Western Cape,Low,100/100 Mbps,800,119,95200
2025-11-30,Western Cape,Low,200/200 Mbps,1200,153,183600
2025-11-30,Western Cape,Low,500/500 Mbps,2000,165,330000
2025-11-30,Western Cape,Low,1000/1000 Mbps,3500,161,563500
2025-11-30,Western Cape,Medium,10/10 Mbps,120,78,9360
2025-11-30,Western Cape,Medium,50/50 Mbps,400,62,24800
2025-11-30,Western Cape,Medium,100/100 Mbps,800,32,25600
2025-11-30,Western Cape,Medium,200/200 Mbps,1200,56,67200
2025-11-30,Western Cape,Medium,500/500 Mbps,2000,32,64000
2025-11-30,Western Cape,Medium,1000/1000 Mbps,3500,63,220500
2025-11-30,Western Cape,High,10/10 Mbps,120,200,24000
2025-11-30,Western Cape,High,50/50 Mbps,400,133,53200
2025-11-30,Western Cape,High,100/100 Mbps,800,45,36000
2025-11-30,Western Cape,High,200/200 Mbps,1200,98,117600
2025-11-30,Western Cape,High,500/500 Mbps,2000,127,254000
2025-11-30,Western Cape,High,1000/1000 Mbps,3500,112,392000
2025-11-30,KwaZulu-Natal,Low,10/10 Mbps,120,145,17400
2025-11-30,KwaZulu-Natal,Low,50/50 Mbps,400,157,62800
2025-11-30,KwaZulu-Natal,Low,100/100 Mbps,800,105,84000
2025-11-30,KwaZulu-Natal,Low,200/200 Mbps,1200,109,130800
2025-11-30,KwaZulu-Natal,Low,500/500 Mbps,2000,64,128000
2025-11-30,KwaZulu-Natal,Low,1000/1000 Mbps,3500,184,644000
2025-11-30,KwaZulu-Natal,Medium,10/10 Mbps,120,98,11760
2025-11-30,KwaZulu-Natal,Medium,50/50 Mbps,400,109,43600
2025-11-30,KwaZulu-Natal,Medium,100/100 Mbps,800,25,20000
2025-11-30,KwaZulu-Natal,Medium,200/200 Mbps,1200,143,171600
2025-11-30,KwaZulu-Natal,Medium,500/500 Mbps,2000,211,422000
2025-11-30,KwaZulu-Natal,Medium,1000/1000 Mbps,3500,203,710500
2025-11-30,KwaZulu-Natal,High,10/10 Mbps,120,265,31800
2025-11-30,KwaZulu-Natal,High,50/50 Mbps,400,58,23200
2025-11-30,KwaZulu-Natal,High,100/100 Mbps,800,82,65600
2025-11-30,KwaZulu-Natal,High,200/200 Mbps,1200,220,264000
2025-11-30,KwaZulu-Natal,High,500/500 Mbps,2000,250,500000
2025-11-30,KwaZulu-Natal,High,1000/1000 Mbps,3500,131,458500
2025-11-30,Eastern Cape,Low,10/10 Mbps,120,100,12000
2025-11-30,Eastern Cape,Low,50/50 Mbps,400,80,32000
2025-11-30,Eastern Cape,Low,100/100 Mbps,800,31,24800
2025-11-30,Eastern Cape,Low,200/200 Mbps,1200,109,130800
2025-11-30,Eastern Cape,Low,500/500 Mbps,2000,132,264000
2025-11-30,Eastern Cape,Low,1000/1000 Mbps,3500,161,563500
2025-11-30,Eastern Cape,Medium,10/10 Mbps,120,138,16560
2025-11-30,Eastern Cape,Medium,50/50 Mbps,400,182,72800
2025-11-30,Eastern Cape,Medium,100/100 Mbps,800,160,128000
2025-11-30,Eastern Cape,Medium,200/200 Mbps,1200,163,195600
2025-11-30,Eastern Cape,Medium,500/500 Mbps,2000,148,296000
2025-11-30,Eastern Cape,Medium,1000/1000 Mbps,3500,206,721000
2025-11-30,Eastern Cape,High,10/10 Mbps,120,113,13560
2025-11-30,Eastern Cape,High,50/50 Mbps,400,112,44800
2025-11-30,Eastern Cape,High,100/100 Mbps,800,272,217600
2025-11-30,Eastern Cape,High,200/200 Mbps,1200,122,146400
2025-11-30,Eastern Cape,High,500/500 Mbps,2000,217,434000
2025-11-30,Eastern Cape,High,1000/1000 Mbps,3500,56,196000
2025-12-31,Gauteng,Low,10/10 Mbps,120,184,22080
2025-12-31,Gauteng,Low,50/50 Mbps,400,32,12800
2025-12-31,Gauteng,Low,100/100 Mbps,800,78,62400
2025-12-31,Gauteng,Low,200/200 Mbps,1200,126,151200
2025-12-31,Gauteng,Low,500/500 Mbps,2000,182,364000
2025-12-31,Gauteng,Low,1000/1000 Mbps,3500,93,325500
2025-12-31,Gauteng,Medium,10/10 Mbps,120,79,9480
2025-12-31,Gauteng,Medium,50/50 Mbps,400,109,43600
2025-12-31,Gauteng,Medium,100/100 Mbps,800,81,64800
2025-12-31,Gauteng,Medium,200/200 Mbps,1200,106,127200
2025-12-31,Gauteng,Medium,500/500 Mbps,2000,152,304000
2025-12-31,Gauteng,Medium,1000/1000 Mbps,3500,62,217000
2025-12-31,Gauteng,High,10/10 Mbps,120,128,15360
2025-12-31,Gauteng,High,50/50 Mbps,400,66,26400
2025-12-31,Gauteng,High,100/100 Mbps,800,74,59200
2025-12-31,Gauteng,High,200/200 Mbps,1200,89,106800
2025-12-31,Gauteng,High,500/500 Mbps,2000,105,210000
2025-12-31,Gauteng,High,1000/1000 Mbps,3500,157,549500
2025-12-31,Western Cape,Low,10/10 Mbps,120,70,8400
2025-12-31,Western Cape,Low,50/50 Mbps,400,23,9200
2025-12-31,Western Cape,Low,100/100 Mbps,800,103,82400
2025-12-31,Western Cape,Low,200/200 Mbps,1200,35,42000
2025-12-31,Western Cape,Low,500/500 Mbps,2000,61,122000
2025-12-31,Western Cape,Low,1000/1000 Mbps,3500,31,108500
2025-12-31,Western Cape,Medium,10/10 Mbps,120,236,28320
2025-12-31,Western Cape,Medium,50/50 Mbps,400,136,54400
2025-12-31,Western Cape,Medium,100/100 Mbps,800,63,50400
2025-12-31,Western Cape,Medium,200/200 Mbps,1200,115,138000
2025-12-31,Western Cape,Medium,500/500 Mbps,2000,196,392000
2025-12-31,Western Cape,Medium,1000/1000 Mbps,3500,188,658000
2025-12-31,Western Cape,High,10/10 Mbps,120,66,7920
2025-12-31,Western Cape,High,50/50 Mbps,400,177,70800
2025-12-31,Western Cape,High,100/100 Mbps,800,203,162400
2025-12-31,Western Cape,High,200/200 Mbps,1200,128,153600
2025-12-31,Western Cape,High,500/500 Mbps,2000,76,152000
2025-12-31,Western Cape,High,1000/1000 Mbps,3500,204,714000
2025-12-31,KwaZulu-Natal,Low,10/10 Mbps,120,32,3840
2025-12-31,KwaZulu-Natal,Low,50/50 Mbps,400,132,52800
2025-12-31,KwaZulu-Natal,Low,100/100 Mbps,800,63,50400
2025-12-31,KwaZulu-Natal,Low,200/200 Mbps,1200,60,72000
2025-12-31,KwaZulu-Natal,Low,500/500 Mbps,2000,165,330000
2025-12-31,KwaZulu-Natal,Low,1000/1000 Mbps,3500,64,224000
2025-12-31,KwaZulu-Natal,Medium,10/10 Mbps,120,236,28320
2025-12-31,KwaZulu-Natal,Medium,50/50 Mbps,400,39,15600
2025-12-31,KwaZulu-Natal,Medium,100/100 Mbps,800,113,90400
2025-12-31,KwaZulu-Natal,Medium,200/200 Mbps,1200,215,258000
2025-12-31,KwaZulu-Natal,Medium,500/500 Mbps,2000,135,270000
2025-12-31,KwaZulu-Natal,Medium,1000/1000 Mbps,3500,156,546000
2025-12-31,KwaZulu-Natal,High,10/10 Mbps,120,100,12000
2025-12-31,KwaZulu-Natal,High,50/50 Mbps,400,260,104000
2025-12-31,KwaZulu-Natal,High,100/100 Mbps,800,93,74400
2025-12-31,KwaZulu-Natal,High,200/200 Mbps,1200,195,234000
2025-12-31,KwaZulu-Natal,High,500/500 Mbps,2000,184,368000
2025-12-31,KwaZulu-Natal,High,1000/1000 Mbps,3500,53,185500
2025-12-31,Eastern Cape,Low,10/10 Mbps,120,46,5520
2025-12-31,Eastern Cape,Low,50/50 Mbps,400,42,16800
2025-12-31,Eastern Cape,Low,100/100 Mbps,800,23,18400
2025-12-31,Eastern Cape,Low,200/200 Mbps,1200,79,94800
2025-12-31,Eastern Cape,Low,500/500 Mbps,2000,165,330000
2025-12-31,Eastern Cape,Low,1000/1000 Mbps,3500,151,528500
2025-12-31,Eastern Cape,Medium,10/10 Mbps,120,125,15000
2025-12-31,Eastern Cape,Medium,50/50 Mbps,400,43,17200
2025-12-31,Eastern Cape,Medium,100/100 Mbps,800,94,75200
2025-12-31,Eastern Cape,Medium,200/200 Mbps,1200,155,186000
2025-12-31,Eastern Cape,Medium,500/500 Mbps,2000,93,186000
2025-12-31,Eastern Cape,Medium,1000/1000 Mbps,3500,115,402500
2025-12-31,Eastern Cape,High,10/10 Mbps,120,244,29280
2025-12-31,Eastern Cape,High,50/50 Mbps,400,216,86400
2025-12-31,Eastern Cape,High,100/100 Mbps,800,73,58400
2025-12-31,Eastern Cape,High,200/200 Mbps,1200,122,146400
2025-12-31,Eastern Cape,High,500/500 Mbps,2000,32,64000
2025-12-31,Eastern Cape,High,1000/1000 Mbps,3500,155,542500
